cov_id,study_id,study_name,month_start,year_start,month_end,year_end,year_publish,year_mid,country,region_actual,region_analysis,urban_rural,location,study_design,study_sample,sex,population,population_detail,age_group,reproductive_age,age_range,age_min,age_max,age_mean,age_median,age_iqr,hiv_status,hiv_tested,hiv_positive,hiv_prevalence,sti,num,denom,prev,specimen,test,sens,spec,adj_prev,adj_se,adj_prev_lwr,adj_prev_upr,adj_num,adj_denom
#22820,Maina 2016,NA,May,2013,September,2013,2016,2013,Kenya,EA,EA,Urban,Nairobi,Cross sectional,Consecutive,Female,FP attendees,Family planning clinic attendees at hospital,Adult,Y,20 to 49,20,49,NA,37,NA,Mixed,NA,NA,NR,CT,33,249,0.13,genital fluid,NAAT,88.6,99.6,0.148896901,0.024561821,0.104024248,0.199761393,31.27752315,210.0616132
#22820,Maina 2016,NA,May,2013,September,2013,2016,2013,Kenya,EA,EA,Urban,Nairobi,Cross sectional,Consecutive,Female,FP attendees,Family planning clinic attendees at hospital,Adult,Y,20 to 49,20,49,NA,37,NA,Mixed,NA,NA,NR,NG,0,249,0,genital fluid,culture,75.7,100,0.005218771,0.005065404,0.000150492,0.018213434,1.055932038,202.3334504
#22820,Maina 2016,NA,May,2013,September,2013,2016,2013,Kenya,EA,EA,Urban,Nairobi,Cross sectional,Consecutive,Female,FP attendees,Family planning clinic attendees at hospital,Adult,Y,20 to 49,20,49,NA,37,NA,Mixed,NA,NA,NR,TV,1,249,0.004,genital fluid,WM,52,100,0.015326681,0.010463632,0.001931638,0.041004338,2.112630146,137.8400276
#22906,Mbuvi 2024,NA,August,2021,May,2022,2024,2022,Kenya,EA,EA,Rural,"Mwingi, Kitui County",Cross sectional,Consecutive,Female,PHC/OPD attendees,Women seeking medical care at outpatient clinics of hospital,Adult,Y,15 to 44,15,44,NA,NA,NA,Mixed,NA,NA,NR,NG,8,322,0.025,genital fluid,culture,75.7,100,0.036654947,0.012123545,0.016715014,0.063736436,8.806184222,240.245452
#22906,Mbuvi 2024,NA,August,2021,May,2022,2024,2022,Kenya,EA,EA,Rural,"Mwingi, Kitui County",Cross sectional,Consecutive,Female,PHC/OPD attendees,Women seeking medical care at outpatient clinics of hospital,Adult,Y,15 to 44,15,44,NA,NA,NA,Mixed,NA,NA,NR,TV,12,322,0.037,genital fluid,WM,52,100,0.076843507,0.020936021,0.040540424,0.121401564,12.4365916,161.8431029
#22332,Hawken 2002,NA,April,2000,July,2000,2002,2000,Kenya,EA,EA,Urban,Mombasa,Cross sectional,Random,Female,Population-representative survey participants,Community members identified in randomly selected households,Adult,Y,15 to 49,15,49,27.1,NA,NA,Mixed,416,57,0.137,CT,11,579,0.019,urine,NAAT,87,99.8,0.021298112,0.00671065,0.010105697,0.036205063,9.858331639,462.8734995
#22332,Hawken 2002,NA,April,2000,July,2000,2002,2000,Kenya,EA,EA,Urban,Mombasa,Cross sectional,Random,Female,Population-representative survey participants,Community members identified in randomly selected households,Adult,Y,15 to 49,15,49,27.1,NA,NA,Mixed,416,57,0.137,NG,4,571,0.007,urine,NAAT,91.6,100,0.009468777,0.004245371,0.003198759,0.019427468,4.927478371,520.3922562
#22332,Hawken 2002,NA,April,2000,July,2000,2002,2000,Kenya,EA,EA,Urban,Mombasa,Cross sectional,Random,Male,Population-representative survey participants,Community members identified in randomly selected households,Adult,Y,15 to 49,15,49,28.5,NA,NA,Mixed,425,34,0.08,CT,6,546,0.011,urine,NAAT,87.8,99.3,0.007473493,0.005219538,0.000481426,0.019793363,2.034816818,272.2711894
#22332,Hawken 2002,NA,April,2000,July,2000,2002,2000,Kenya,EA,EA,Urban,Mombasa,Cross sectional,Random,Male,Population-representative survey participants,Community members identified in randomly selected households,Adult,Y,15 to 49,15,49,28.5,NA,NA,Mixed,425,34,0.08,NG,7,583,0.012,urine,NAAT,80.9,99.9,0.015636774,0.005967269,0.005902704,0.028894647,6.759249743,432.2662632
#32533,Bailey 2007,MMC Trial 1,February,2002,September,2005,2007,2003,Kenya,EA,EA,Urban,Kisumu,RCT,Convenience,Male,HIV/STI prevention trial participants,Uncircumcised men recruited from community and public/private clinics,Youth,Y,18 to 24,18,24,NA,20,19-22,HIV negative,2784,0,0,CT,128,2753,0.05,urine,NAAT,87.8,99.3,0.045734787,0.004547032,0.037260349,0.055117448,96.53981321,2110.861771
#32533,Bailey 2007,MMC Trial 1,February,2002,September,2005,2007,2003,Kenya,EA,EA,Urban,Kisumu,RCT,Convenience,Male,HIV/STI prevention trial participants,Uncircumcised men recruited from community and public/private clinics,Youth,Y,18 to 24,18,24,NA,20,19-22,HIV negative,2784,0,0,NG,57,2754,0.02,urine,NAAT,80.9,99.9,0.024767122,0.003417378,0.018490321,0.031774299,51.22398117,2068.225006
#32533,Bailey 2007,MMC Trial 1,February,2002,September,2005,2007,2003,Kenya,EA,EA,Urban,Kisumu,RCT,Convenience,Male,HIV/STI prevention trial participants,Uncircumcised men recruited from community and public/private clinics,Youth,Y,18 to 24,18,24,NA,20,19-22,HIV negative,2784,0,0,TV,58,2759,0.02,urine,culture,87.6,100,0.024423554,0.003128906,0.018683669,0.030964531,59.44208078,2433.801467
#21805,Chersich 2009,NA,March,2006,August,2006,2009,2006,Kenya,EA,EA,Urban,Mombasa,Cross sectional,Consecutive,Female,PHC/OPD attendees,"Postpartum women bringing infant for immunization and well-child services or for acute paediatric care,  4 weeks to 1 year after childbirth",Adult,Y,16 to 45,16,45,25.5,NA,NA,Mixed,496,54,0.11,TV,35,454,0.077092511,genital fluid,WM,52,100,0.151573807,0.024902951,0.107105509,0.204151657,31.43118465,207.3655425
#23449,Ravindran 2021,NA,NR,2009,NR,2015,2021,2012,Kenya,EA,EA,Rural and peri-urban,Western Kenya,Cohort,NR,Female,ANC attendees,Pregnant women,Adult,Y,14+,14,NR,NA,22,19-27,HIV negative,1244,0,0,CT,67,1241,0.053988719,genital fluid,NAAT,88.6,99.6,0.057246697,0.007483783,0.04356125,0.072875555,55.1640988,963.6206458
#23449,Ravindran 2021,NA,NR,2009,NR,2015,2021,2012,Kenya,EA,EA,Rural and peri-urban,Western Kenya,Cohort,NR,Female,ANC attendees,Pregnant women,Adult,Y,14+,14,NR,NA,22,19-27,HIV negative,1244,0,0,NG,29,1204,0.024086379,genital fluid,NAAT,93.3,99.2,0.018351053,0.004722705,0.009914989,0.028196182,14.8216519,807.6731185
#23449,Ravindran 2021,NA,NR,2009,NR,2015,2021,2012,Kenya,EA,EA,Rural and peri-urban,Western Kenya,Cohort,NR,Female,ANC attendees,Pregnant women,Adult,Y,14+,14,NR,NA,22,19-27,HIV negative,1244,0,0,TV,129,1244,0.103697749,genital fluid,WM,52,100,0.200671536,0.016497834,0.169473329,0.233310406,118.2613838,589.3281434
#22609,Kinuthia 2015,Mama Salama Study,May,2011,June,2013,2015,2012,Kenya,EA,EA,Rural,Western Kenya,Cohort,Consecutive,Female,ANC attendees,From HIV incidence study: enrollment data - women who were HIV negative,Adult,Y,14+,14,NR,NA,22,19-27,HIV negative,1276,0,0,CT,70,1276,0.054858934,genital fluid,NAAT,88.6,99.6,0.058594404,0.007138458,0.045163249,0.073202507,63.42789269,1082.490616
#22609,Kinuthia 2015,Mama Salama Study,May,2011,June,2013,2015,2012,Kenya,EA,EA,Rural,Western Kenya,Cohort,Consecutive,Female,ANC attendees,From HIV incidence study: enrollment data - women who were HIV negative,Adult,Y,14+,14,NR,NA,22,19-27,HIV negative,1276,0,0,NG,32,1276,0.02507837,genital fluid,NAAT,93.3,99.2,0.019203788,0.00491057,0.010662579,0.029398243,14.99991504,781.09148
#22609,Kinuthia 2015,Mama Salama Study,May,2011,June,2013,2015,2012,Kenya,EA,EA,Rural,Western Kenya,Cohort,Consecutive,Female,ANC attendees,From HIV incidence study: enrollment data - women who were HIV negative,Adult,Y,14+,14,NR,NA,22,19-27,HIV negative,1276,0,0,TV,81,1278,0.063380282,genital fluid,WM,52,100,0.123308911,0.012949041,0.099433606,0.150985552,79.49874768,644.712107
#32526,Madanitsa 2023,NA,March,2018,July,2019,2023,2018,Kenya,EA,EA,Rural,NR,RCT,Convenience,Female,ANC attendees,women with viable singleton pregnancy between 16 weeks and 28 weeks gestation,Adult,Y,NR,NR,NR,NA,NA,NA,HIV negative,474,0,0,CT,99,474,0.208860759,genital fluid,NAAT,88.6,99.6,0.233552217,0.021125234,0.19407156,0.276410391,93.68013138,401.1100073
#32526,Madanitsa 2023,NA,March,2018,July,2019,2023,2018,Kenya,EA,EA,Rural,NR,RCT,Convenience,Female,ANC attendees,women with viable singleton pregnancy between 16 weeks and 28 weeks gestation,Adult,Y,NR,NR,NR,NA,NA,NA,HIV negative,474,0,0,NG,16,474,0.033755274,genital fluid,NAAT,93.3,99.2,0.029851985,0.00915753,0.013948957,0.049310746,10.30926676,345.3461009
#32526,Madanitsa 2023,NA,March,2018,July,2019,2023,2018,Kenya,EA,EA,Rural,NR,RCT,Convenience,Female,ANC attendees,women with viable singleton pregnancy between 16 weeks and 28 weeks gestation,Adult,Y,NR,NR,NR,NA,NA,NA,HIV negative,474,0,0,TV,53,474,0.111814346,genital fluid,culture,68.8,100,0.164946925,0.0208461,0.126319932,0.207586448,52.28208185,316.9630589
#22867,Masha 2017,NA,July,2015,September,2015,2017,2015,Kenya,EA,EA,Rural,Kilifi,Cross sectional,Consecutive,Female,ANC attendees,pregnant women,Adult,Y,18 to 45,18,45,NA,26,22-31,Mixed,202,13,6.40E-02,CT,30,202,0.148514851,urine,NAAT,87,99.8,0.172631457,0.028664327,0.120077751,0.232218832,30.00926689,173.8342908
#22867,Masha 2017,NA,July,2015,September,2015,2017,2015,Kenya,EA,EA,Rural,Kilifi,Cross sectional,Consecutive,Female,ANC attendees,pregnant women,Adult,Y,18 to 45,18,45,NA,26,22-31,Mixed,202,13,6.40E-02,NG,2,202,0.00990099,urine,NAAT,91.6,100,0.016024725,0.009140883,0.003437201,0.037767002,3.024050825,188.7115563
#22867,Masha 2017,NA,July,2015,September,2015,2017,2015,Kenya,EA,EA,Rural,Kilifi,Cross sectional,Consecutive,Female,ANC attendees,pregnant women,Adult,Y,18 to 45,18,45,NA,26,22-31,Mixed,202,13,6.40E-02,TV,15,202,0.074257426,genital fluid,culture,68.8,100,0.113696242,0.027552234,0.066277177,0.173150998,15.09249997,132.744053
#22440,Jespers 2014,NA,NR,2010,NR,2011,2014,2011,Kenya,EA,EA,Urban,Mombasa,Cross sectional,Consecutive,Female,ANC attendees,Pregnant women,Adult,Y,18 to 35,19,34,26,NA,NA,Mixed,NA,NA,NR,CT,2,30,0.0667,genital fluid,NAAT,88.6,99.6,0.102500317,0.057398382,0.019197267,0.241874481,2.862104028,27.92287971
#22440,Jespers 2014,NA,NR,2010,NR,2011,2014,2011,Kenya,EA,EA,Urban,Mombasa,Cross sectional,Consecutive,Female,ANC attendees,Pregnant women,Adult,Y,18 to 35,19,34,26,NA,NA,Mixed,NA,NA,NR,NG,0,30,0,genital fluid,NAAT,93.3,99.2,0.033995961,0.033871518,0.00071177,0.125976661,0.973115196,28.62443562
#22440,Jespers 2014,NA,NR,2010,NR,2011,2014,2011,Kenya,EA,EA,Urban,Mombasa,Cross sectional,Consecutive,Female,ANC attendees,Pregnant women,Adult,Y,18 to 35,19,34,26,NA,NA,Mixed,NA,NA,NR,TV,1,30,0.0333,genital fluid,culture,68.8,100,0.090975359,0.05864561,0.012009269,0.233723222,2.187520778,24.04520095
#23279,Oliver 2018,NA,April,2014,November,2014,2018,2014,Kenya,EA,EA,Mixed,Kisumu and surrounding villages,Cross sectional,Convenience,Female,Community members,general population - venue-based recruitment in community for observational study of NuvaRing,Adult,Y,18 to 34,18,34,NA,25,21-28,Mixed,457,67,0.147,CT,21,457,0.046,genital fluid,NAAT,88.6,99.6,0.04991751,0.011534943,0.029611211,0.075164465,17.79247059,356.4374654
#23279,Oliver 2018,NA,April,2014,November,2014,2018,2014,Kenya,EA,EA,Mixed,Kisumu and surrounding villages,Cross sectional,Convenience,Female,Community members,general population - venue-based recruitment in community for observational study of NuvaRing,Adult,Y,18 to 34,18,34,NA,25,21-28,Mixed,457,67,0.147,NG,17,457,0.039,genital fluid,NAAT,93.3,99.2,0.033613495,0.009865224,0.016488256,0.05475535,11.21926145,333.772537
#23226,Nyakambi 2022,NA,May,2021,June,2021,2022,2021,Kenya,EA,EA,Urban,Kisumu,Cross sectional,Consecutive,Female,PHC/OPD attendees,"Non-pregnant women, sexually active",Adult,Y,18 to 49,18,49,NA,NA,NA,Mixed,385,35,0.09,CT,29,385,0.075324675,genital fluid,rapid antigen test,56,99,0.12263441,0.024994076,0.077216111,0.173776475,21.12180874,172.2339494
#22493,Kanyina 2017,NA,November,2013,January,2014,2017,2014,Kenya,EA,EA,Urban,Thika,Cross sectional,Convenience,Female,GYN attendees,women seeking Pap smear test at the health facility,Adult,U,15+,15,NR,42,NA,NA,Mixed,NA,NA,NR,TV,18,244,0.073770492,genital fluid,WM,52,100,0.147664735,0.032645479,0.088986116,0.218097859,17.43885433,118.0976235
#22966,Mgodi 2021,HVTN703 / HPTN081,May,2016,September,2018,2021,2017,Kenya,EA,EA,Urban,Kisumu,Cohort,Convenience,Female,HIV/STI prevention trial participants,"HVTN 703/HPTN 081 baseline. HIV-negative heterosexual women who had engaged in vaginal and/or anal intercourse with a male partner 6 months before randomisation. In Kenya, 60% reported engaging in sex for money/gifts and median partners in last 60 days was 6.",Adult,Y,18 to 50,18,50,NA,24,22-27,HIV negative,82,0,0,CT,12,82,0.146,genital fluid or urine,NAAT,87,99.6,0.17451701,0.045338182,0.094853364,0.272575718,12.23081637,70.08380675
#22966,Mgodi 2021,HVTN703 / HPTN081,May,2016,September,2018,2021,2017,Kenya,EA,EA,Urban,Kisumu,Cohort,Convenience,Female,HIV/STI prevention trial participants,"HVTN 703/HPTN 081 baseline. HIV-negative heterosexual women who had engaged in vaginal and/or anal intercourse with a male partner 6 months before randomisation. In Kenya, 60% reported engaging in sex for money/gifts and median partners in last 60 days was 6.",Adult,Y,18 to 50,18,50,NA,24,22-27,HIV negative,82,0,0,NG,5,82,0.061,genital fluid or urine,NAAT,91.6,99.2,0.069132767,0.030727074,0.019725925,0.138891007,4.712085984,68.15995097
#24745,Lokken 2022,Microbiota and Preterm Birth Study,April,2017,March,2020,2022,2019,Kenya,EA,EA,Urban,Nairobi and Mombasa,Cohort,Consecutive,Female,FP attendees,Microbiota and Preterm Birth Study baseline. HIV-negative women who are currently planning to become pregnant (not using contraception other than condoms for HIV/STI prevention),Adult,Y,18 to 45,18,45,NA,29,25-34,HIV negative,691,0,0,CT,51,691,0.074,genital fluid,NAAT,88.6,99.6,0.080669339,0.011121543,0.0601024,0.104041789,48.3680563,599.5841411
#24745,Lokken 2022,Microbiota and Preterm Birth Study,April,2017,March,2020,2022,2019,Kenya,EA,EA,Urban,Nairobi and Mombasa,Cohort,Consecutive,Female,FP attendees,Microbiota and Preterm Birth Study baseline. HIV-negative women who are currently planning to become pregnant (not using contraception other than condoms for HIV/STI prevention),Adult,Y,18 to 45,18,45,NA,29,25-34,HIV negative,691,0,0,NG,5,691,0.007,genital fluid,NAAT,93.3,99.2,0.003502501,0.002865102,0.00013121,0.010468131,1.489198287,425.181408
#24745,Lokken 2022,Microbiota and Preterm Birth Study,April,2017,March,2020,2022,2019,Kenya,EA,EA,Urban,Nairobi and Mombasa,Cohort,Consecutive,Female,FP attendees,Microbiota and Preterm Birth Study baseline. HIV-negative women who are currently planning to become pregnant (not using contraception other than condoms for HIV/STI prevention),Adult,Y,18 to 45,18,45,NA,29,25-34,HIV negative,691,0,0,TV,6,691,0.009,genital fluid,NAAT,95,98,0.002447955,0.002387694,7.32E-05,0.00874355,1.048540272,428.3332153
#22440,Jespers 2014,NA,NR,2010,NR,2011,2014,2011,Kenya,EA,EA,Urban,Mombasa,Cross sectional,Consecutive,Female,FP attendees,"Reference group, recruited from FP clinic",Adult,Y,18 to 35,18,35,25,NA,NA,HIV negative,110,0,0,CT,4,110,0.036363636,genital fluid,NAAT,88.6,99.6,0.046278237,0.022335371,0.012920952,0.097309287,4.094387714,88.47328721
#22440,Jespers 2014,NA,NR,2010,NR,2011,2014,2011,Kenya,EA,EA,Urban,Mombasa,Cross sectional,Consecutive,Female,FP attendees,"Reference group, recruited from FP clinic",Adult,Y,18 to 35,18,35,25,NA,NA,HIV negative,110,0,0,NG,1,110,0.009090909,genital fluid,NAAT,93.3,99.2,0.014261019,0.012522807,0.000438381,0.047225569,1.278379159,89.64150259
#22440,Jespers 2014,NA,NR,2010,NR,2011,2014,2011,Kenya,EA,EA,Urban,Mombasa,Cross sectional,Consecutive,Female,FP attendees,"Reference group, recruited from FP clinic",Adult,Y,18 to 35,18,35,25,NA,NA,HIV negative,110,0,0,TV,3,110,0.027272727,genital fluid,culture,68.8,100,0.051497352,0.024916152,0.013992726,0.108580484,4.051784944,78.67948131
#21935,Deese 2021,ECHO,December,2015,September,2017,2021,2016,Kenya,EA,EA,Urban,Kisumu,RCT,Convenience,Female,FP attendees,"Non-pregnant, HIV-seronegative women aged 16–35 years participating in ECHO trial who were seeking effective contraception",Adult,Y,16 to 35,16,35,NA,NA,NA,HIV negative,901,0,0,CT,99,901,0.11,genital fluid,NAAT,88.6,99.6,0.120948818,0.012091707,0.09859321,0.145371456,87.95128527,727.1777157
#21935,Deese 2021,ECHO,December,2015,September,2017,2021,2016,Kenya,EA,EA,Urban,Kisumu,RCT,Convenience,Female,FP attendees,"Non-pregnant, HIV-seronegative women aged 16–35 years participating in ECHO trial who were seeking effective contraception",Adult,Y,16 to 35,16,35,NA,NA,NA,HIV negative,901,0,0,NG,27,901,0.03,genital fluid,NAAT,93.3,99.2,0.024801536,0.006112462,0.014091772,0.038225778,16.05527754,647.3501167
#23319,Otieno 2015,Kisumu Incidence Cohort Study (KICoS),January,2007,March,2009,2015,2008,Kenya,EA,EA,Peri-urban,Kisumu,Cross sectional,Convenience,Male,Community members,"Cohort Study: HIV-negative individuals. Healthy adults, sexually active at least once in the past three months, HIV-negative, and not pregnant. individuals recruited for HIV incidence cohort study (recruitment in multiple venues such as market centers, truck stops, beaches, churches, women’s groups, community groups, formal and informal work-based groups, colleges and schools, and HIV Voluntary Counseling and Testing centers)",Adult,Y,18 to 34,18,34,NA,NA,NA,HIV negative,422,0,0,CT,12,422,0.028436019,urine,NAAT,87.8,99.3,0.027083979,0.00970882,0.010988753,0.047622084,7.571246061,279.5470401
#23319,Otieno 2015,Kisumu Incidence Cohort Study (KICoS),January,2007,March,2009,2015,2008,Kenya,EA,EA,Peri-urban,Kisumu,Cross sectional,Convenience,Male,Community members,"Cohort Study: HIV-negative individuals. Healthy adults, sexually active at least once in the past three months, HIV-negative, and not pregnant. individuals recruited for HIV incidence cohort study (recruitment in multiple venues such as market centers, truck stops, beaches, churches, women’s groups, community groups, formal and informal work-based groups, colleges and schools, and HIV Voluntary Counseling and Testing centers)",Adult,Y,18 to 34,18,34,NA,NA,NA,HIV negative,422,0,0,NG,0,422,0,urine,NAAT,80.9,99.9,0.002881495,0.002922878,7.24E-05,0.010654106,0.969083321,336.3127222
#23319,Otieno 2015,Kisumu Incidence Cohort Study (KICoS),January,2007,March,2009,2015,2008,Kenya,EA,EA,Peri-urban,Kisumu,Cross sectional,Convenience,Female,Community members,"Cohort Study: HIV-negative individuals. Healthy adults, sexually active at least once in the past three months, HIV-negative, and not pregnant. individuals recruited for HIV incidence cohort study (recruitment in multiple venues such as market centers, truck stops, beaches, churches, women’s groups, community groups, formal and informal work-based groups, colleges and schools, and HIV Voluntary Counseling and Testing centers)",Adult,Y,18 to 34,18,34,NA,NA,NA,HIV negative,424,0,0,CT,12,424,0.028301887,genital fluid,NAAT,88.6,99.6,0.030260187,0.009376177,0.014061679,0.050919186,10.10059254,333.7914803
#23319,Otieno 2015,Kisumu Incidence Cohort Study (KICoS),January,2007,March,2009,2015,2008,Kenya,EA,EA,Peri-urban,Kisumu,Cross sectional,Convenience,Female,Community members,"Cohort Study: HIV-negative individuals. Healthy adults, sexually active at least once in the past three months, HIV-negative, and not pregnant. individuals recruited for HIV incidence cohort study (recruitment in multiple venues such as market centers, truck stops, beaches, churches, women’s groups, community groups, formal and informal work-based groups, colleges and schools, and HIV Voluntary Counseling and Testing centers)",Adult,Y,18 to 34,18,34,NA,NA,NA,HIV negative,424,0,0,NG,20,424,0.047169811,genital fluid,NAAT,93.3,99.2,0.044360441,0.011019052,0.024971456,0.067935926,15.4880719,349.1415247
#22337,Heffron 2021,NA,August,2019,February,2020,2021,2020,Kenya,EA,EA,Urban,Thika and Kisumu,Cross sectional,Consecutive,Female,GYN attendees,Women seeking post-abortion services,Adult,Y,15 to 30,15,30,NA,21,19-22,HIV negative,198,0,0,CT,36,198,0.181818182,urine,NAAT,87,99.8,0.210368113,0.031214966,0.153124508,0.271993891,35.86400292,170.4821253
#22337,Heffron 2021,NA,August,2019,February,2020,2021,2020,Kenya,EA,EA,Urban,Thika and Kisumu,Cross sectional,Consecutive,Female,GYN attendees,Women seeking post-abortion services,Adult,Y,15 to 30,15,30,NA,21,19-22,HIV negative,198,0,0,NG,4,198,0.02020202,urine,NAAT,91.6,100,0.027234351,0.012067367,0.009221652,0.055325755,4.954698645,181.9282821
#23326,Oware 2023,DoxyPEP,February,2020,November,2021,2023,2021,Kenya,EA,EA,Urban,"Lumumba, Kisumu",Cohort,NR,Female,HIV/STI prevention trial participants,"DoxyPEP study baseline. HIV-negative, cisgender young women with a current prescription for HIV PrEP according to the national guidelines of Kenya",Adult,Y,18 to 30,18,30,NA,24,21-27,HIV negative,448,0,0,CT,63,448,0.141,genital fluid,NAAT,88.6,99.6,0.156449062,0.018603581,0.121822343,0.194996748,59.6573719,381.3213788
#23326,Oware 2023,DoxyPEP,February,2020,November,2021,2023,2021,Kenya,EA,EA,Urban,"Lumumba, Kisumu",Cohort,NR,Female,HIV/STI prevention trial participants,"DoxyPEP study baseline. HIV-negative, cisgender young women with a current prescription for HIV PrEP according to the national guidelines of Kenya",Adult,Y,18 to 30,18,30,NA,24,21-27,HIV negative,448,0,0,NG,17,448,0.038,genital fluid,NAAT,93.3,99.2,0.034740477,0.009862402,0.017621608,0.055608129,11.97706052,344.7580931
#21775,Celum 2022,POWER,June,2017,September,2020,2022,2019,Kenya,EA,EA,Urban,Kisumu,Cohort,NR,Female,FP attendees,"POWER baseline: HIV negative, had vaginal intercourse in the prior 3 months and interested in PrEP. AGYW seeking family planning, SRH services and primary care.",Youth,Y,16 to 25,16,25,NA,21,19-23,HIV negative,1000,0,0,CT,172,1000,0.172,genital fluid,NAAT,88.6,99.6,0.191299311,0.013277769,0.165771047,0.21699155,167.8666549,877.5078907
#21775,Celum 2022,POWER,June,2017,September,2020,2022,2019,Kenya,EA,EA,Urban,Kisumu,Cohort,NR,Female,FP attendees,"POWER baseline: HIV negative, had vaginal intercourse in the prior 3 months and interested in PrEP. AGYW seeking family planning, SRH services and primary care.",Youth,Y,16 to 25,16,25,NA,21,19-23,HIV negative,1000,0,0,NG,61,1000,0.061,genital fluid,NAAT,93.3,99.2,0.058251302,0.008178071,0.042832143,0.075104695,47.77982593,820.2361927
#22864,Masese 2017,NA,August,2014,March,2015,2017,2015,Kenya,EA,EA,Urban,Mombasa,Cross sectional,Convenience,Female,Students,University or high school students,Youth,Y,15 to 24,15,24,NA,18,17-19,Mixed,NA,NA,NR,CT,16,451,0.035476718,urine,NAAT,87,99.8,0.04081308,0.010062859,0.023328758,0.061851896,15.7782644,386.5982298
#22864,Masese 2017,NA,August,2014,March,2015,2017,2015,Kenya,EA,EA,Urban,Mombasa,Cross sectional,Convenience,Female,Students,University or high school students,Youth,Y,15 to 24,15,24,NA,18,17-19,Mixed,NA,NA,NR,NG,7,451,0.015521064,urine,NAAT,91.6,100,0.019183818,0.00679533,0.008221998,0.03464936,7.816936278,407.475519
#22864,Masese 2017,NA,August,2014,March,2015,2017,2015,Kenya,EA,EA,Urban,Mombasa,Cross sectional,Convenience,Female,Students,University or high school students,Youth,Y,15 to 24,15,24,NA,18,17-19,Mixed,NA,NA,NR,TV,3,451,0.006651885,urine,NAAT,66.9,98.3,0.004655767,0.004486636,0.000138927,0.016317184,1.071800713,230.2092597
#22934,Mehta 2023,CaCHe study,March,2018,April,2018,2023,2018,Kenya,EA,EA,Unsure,Siaya County,Cohort,Random,Female,Students,Secondary school girls,Youth,Y,14 to 22,14,22,NA,NA,NA,Mixed,436,7,1.61E-02,CT,43,436,0.098623853,genital fluid,NAAT,88.6,99.6,0.109085795,0.016158561,0.079898011,0.143199553,40.60382235,372.2191543
#22934,Mehta 2023,CaCHe study,March,2018,April,2018,2023,2018,Kenya,EA,EA,Unsure,Siaya County,Cohort,Random,Female,Students,Secondary school girls,Youth,Y,14 to 22,14,22,NA,NA,NA,Mixed,436,7,1.61E-02,NG,27,436,0.061926606,genital fluid,NAAT,93.3,99.2,0.060650036,0.012486478,0.037885625,0.086411639,22.16203508,365.4084427
#22934,Mehta 2023,CaCHe study,March,2018,April,2018,2023,2018,Kenya,EA,EA,Unsure,Siaya County,Cohort,Random,Female,Students,Secondary school girls,Youth,Y,14 to 22,14,22,NA,NA,NA,Mixed,436,7,1.61E-02,TV,6,436,0.013761468,genital fluid,rapid antigen test,83.3,98.8,0.007776688,0.006096927,0.000320921,0.022657879,1.614272063,207.5783465
#24013,Yuh 2020,Kenya Girls Study (KGS),NR,2014,NR,2016,2020,2015,Kenya,EA,EA,Urban,Thika,Cohort,Convenience,Female,Students,Cohort of low risk girls with no history of sexual intercourse or sex with only one partner,Youth,Y,16 to 20,16,20,NA,18.6,NA,HIV negative,373,0,0,CT,41,373,0.109919571,genital fluid,NAAT,88.6,99.6,0.121929013,0.018077829,0.088996542,0.159237232,39.94396561,327.6001711
#24013,Yuh 2020,Kenya Girls Study (KGS),NR,2014,NR,2016,2020,2015,Kenya,EA,EA,Urban,Thika,Cohort,Convenience,Female,Students,Cohort of low risk girls with no history of sexual intercourse or sex with only one partner,Youth,Y,16 to 20,16,20,NA,18.6,NA,HIV negative,373,0,0,NG,5,373,0.013404826,genital fluid,NAAT,93.3,99.2,0.009500435,0.006476409,0.000690966,0.025071063,2.131438299,224.351654
#24013,Yuh 2020,Kenya Girls Study (KGS),NR,2014,NR,2016,2020,2015,Kenya,EA,EA,Urban,Thika,Cohort,Convenience,Female,Students,Cohort of low risk girls with no history of sexual intercourse or sex with only one partner,Youth,Y,16 to 20,16,20,NA,18.6,NA,HIV negative,373,0,0,TV,3,373,0.008042895,genital fluid,NAAT,95,98,0.004106117,0.0038394,0.000135764,0.014213625,1.139066164,277.4071311
#22571,Kerubo 2016,NA,August,2012,November,2013,2016,2012,Kenya,EA,EA,Rural,Western Kenya,Cross sectional,Consecutive,Female,Students,participants in pilot examining the feasibility of menstrual solutions for girls in rural primary schools,Youth,Y,14 to 17,14,17,NA,NA,NA,Mixed,NA,NA,NR,CT,13,511,0.025440313,genital fluid,NAAT,88.6,99.6,0.026643447,0.008171919,0.012407318,0.043974888,10.3467675,388.3419195
#22571,Kerubo 2016,NA,August,2012,November,2013,2016,2012,Kenya,EA,EA,Rural,Western Kenya,Cross sectional,Consecutive,Female,Students,participants in pilot examining the feasibility of menstrual solutions for girls in rural primary schools,Youth,Y,14 to 17,14,17,NA,NA,NA,Mixed,NA,NA,NR,NG,3,511,0.005870841,genital fluid,NAAT,93.3,99.2,0.003768118,0.0034255,9.84E-05,0.012422283,1.20548429,319.9167938
#22571,Kerubo 2016,NA,August,2012,November,2013,2016,2012,Kenya,EA,EA,Rural,Western Kenya,Cross sectional,Consecutive,Female,Students,participants in pilot examining the feasibility of menstrual solutions for girls in rural primary schools,Youth,Y,14 to 17,14,17,NA,NA,NA,Mixed,NA,NA,NR,TV,13,512,0.025390625,genital fluid,culture,68.8,100,0.039642275,0.010727146,0.021933028,0.063220396,13.11540669,330.8439454
