"latex","Parameter","Definition","Prior","Posterior"
"$\upsilon_{mm}$ & Probability of being in sexual risk group & 0.15 (0.10-0.20) & 0.15 (0.10-0.20) \\","$\upsilon_{mm}$","Probability of being in sexual risk group","0.15 (0.10-0.20)","0.15 (0.10-0.20)"
"$\upsilon_{mh}$ & Probability of being in sexual risk group & 0.15 (0.10-0.20) & 0.15 (0.10-0.20) \\","$\upsilon_{mh}$","Probability of being in sexual risk group","0.15 (0.10-0.20)","0.15 (0.10-0.20)"
"$\upsilon_{fm}$ & Probability of being in sexual risk group & 0.25 (0.20-0.30) & 0.25 (0.20-0.30) \\","$\upsilon_{fm}$","Probability of being in sexual risk group","0.25 (0.20-0.30)","0.25 (0.20-0.30)"
"$\upsilon_{fh}$ & Probability of being in sexual risk group & 0.02 (0.01-0.03) & 0.02 (0.01-0.03) \\","$\upsilon_{fh}$","Probability of being in sexual risk group","0.02 (0.01-0.03)","0.02 (0.01-0.03)"
"$q_{slyn}$ & Probability of being ever sexually active & 0.60 (0.51-0.69) & 0.60 (0.50-0.70) \\","$q_{slyn}$","Probability of being ever sexually active","0.60 (0.51-0.69)","0.60 (0.50-0.70)"
"$\nicefrac{q_{smyn}}{q_{slyn}}$ & Relative probability of being ever sexually active, medium:low risk & 1.10 (1.05-1.15) & 1.10 (1.05-1.15) \\","$\nicefrac{q_{smyn}}{q_{slyn}}$","Relative probability of being ever sexually active, medium:low risk","1.10 (1.05-1.15)","1.10 (1.05-1.15)"
"$\nicefrac{q_{shyn}}{q_{smyn}}$ & Relative probability of being ever sexually active, high:medium risk & 1.10 (1.05-1.15) & 1.10 (1.05-1.15) \\","$\nicefrac{q_{shyn}}{q_{smyn}}$","Relative probability of being ever sexually active, high:medium risk","1.10 (1.05-1.15)","1.10 (1.05-1.15)"
"$c_{slyn}$ & Number sex partners reported per year & 1.25 (1.01-1.49) & 1.24 (1.01-1.48) \\","$c_{slyn}$","Number sex partners reported per year","1.25 (1.01-1.49)","1.24 (1.01-1.48)"
"$\nicefrac{c_{mmag}}{c_{mlag}}$ & Relative number sex partners reported per year, medium:low risk & 4.50 (3.08-5.92) & 4.33 (3.08-5.87) \\","$\nicefrac{c_{mmag}}{c_{mlag}}$","Relative number sex partners reported per year, medium:low risk","4.50 (3.08-5.92)","4.33 (3.08-5.87)"
"$\nicefrac{c_{fmag}}{c_{flag}}$ & Relative number sex partners reported per year, medium:low risk & 4.50 (3.08-5.92) & 4.48 (3.12-5.93) \\","$\nicefrac{c_{fmag}}{c_{flag}}$","Relative number sex partners reported per year, medium:low risk","4.50 (3.08-5.92)","4.48 (3.12-5.93)"
"$\nicefrac{c_{mhag}}{c_{mmag}}$ & Relative number sex partners reported per year, high:medium risk & 3.00 (2.05-3.95) & 2.89 (2.05-3.89) \\","$\nicefrac{c_{mhag}}{c_{mmag}}$","Relative number sex partners reported per year, high:medium risk","3.00 (2.05-3.95)","2.89 (2.05-3.89)"
"$\nicefrac{c_{fhag}}{c_{fmag}}$ & Relative number sex partners reported per year, high:medium risk & 17.5 (10.4-24.6) & 16.6 (10.4-24.5) \\","$\nicefrac{c_{fhag}}{c_{fmag}}$","Relative number sex partners reported per year, high:medium risk","17.5 (10.4-24.6)","16.6 (10.4-24.5)"
"$\nicefrac{c_{srog}}{c_{sryg}}$ & Relative number sex partners reported per year, old:young & 0.92 (0.85-1.00) & 0.92 (0.85-0.99) \\","$\nicefrac{c_{srog}}{c_{sryg}}$","Relative number sex partners reported per year, old:young","0.92 (0.85-1.00)","0.92 (0.85-0.99)"
"$\nicefrac{c_{frap}}{c_{fran}}$ & Relative number sex partners reported per year, pregnant:non & 0.92 (0.85-1.00) & 0.92 (0.86-1.00) \\","$\nicefrac{c_{frap}}{c_{fran}}$","Relative number sex partners reported per year, pregnant:non","0.92 (0.85-1.00)","0.92 (0.86-1.00)"
"$\chi_{slyn}$ & Probability of condom use & 0.30 (0.25-0.35) & 0.31 (0.26-0.35) \\","$\chi_{slyn}$","Probability of condom use","0.30 (0.25-0.35)","0.31 (0.26-0.35)"
"$\nicefrac{\chi_{smag}}{\chi_{slag}}$ & Relative probability of condom use, medium:low risk & 2.40 (2.31-2.49) & 2.40 (2.31-2.50) \\","$\nicefrac{\chi_{smag}}{\chi_{slag}}$","Relative probability of condom use, medium:low risk","2.40 (2.31-2.49)","2.40 (2.31-2.50)"
"$\nicefrac{\chi_{shag}}{\chi_{smag}}$ & Relative probability of condom use, high:medium risk & 1.07 (1.00-1.15) & 1.08 (1.00-1.15) \\","$\nicefrac{\chi_{shag}}{\chi_{smag}}$","Relative probability of condom use, high:medium risk","1.07 (1.00-1.15)","1.08 (1.00-1.15)"
"$\nicefrac{\chi_{srog}}{\chi_{sryg}}$ & Relative probability of condom use, old:young & 0.92 (0.85-1.00) & 0.93 (0.86-1.00) \\","$\nicefrac{\chi_{srog}}{\chi_{sryg}}$","Relative probability of condom use, old:young","0.92 (0.85-1.00)","0.93 (0.86-1.00)"
"$\nicefrac{\chi_{flap}}{\chi_{flan}}$ & Relative probability of condom use, pregnant:non & 0.20 (0.11-0.29) & 0.20 (0.11-0.29) \\","$\nicefrac{\chi_{flap}}{\chi_{flan}}$","Relative probability of condom use, pregnant:non","0.20 (0.11-0.29)","0.20 (0.11-0.29)"
"$\nicefrac{\chi_{fmap}}{\chi_{fman}}$ & Relative probability of condom use, pregnant:non & 0.20 (0.11-0.29) & 0.20 (0.10-0.30) \\","$\nicefrac{\chi_{fmap}}{\chi_{fman}}$","Relative probability of condom use, pregnant:non","0.20 (0.11-0.29)","0.20 (0.10-0.30)"
"$\nicefrac{\chi_{fhap}}{\chi_{fhan}}$ & Relative probability of condom use, pregnant:non & 0.93 (0.85-1.00) & 0.93 (0.86-0.99) \\","$\nicefrac{\chi_{fhap}}{\chi_{fhan}}$","Relative probability of condom use, pregnant:non","0.93 (0.85-1.00)","0.93 (0.86-0.99)"
"$e$ & Efficacy of condoms per sex act & 0.95 (0.90-1.00) & 0.95 (0.90-1.00) \\","$e$","Efficacy of condoms per sex act","0.95 (0.90-1.00)","0.95 (0.90-1.00)"
"$\gamma_{mlyn}$ & Probability of accessing care when symptomatic & 0.70 (0.65-0.75) & 0.70 (0.65-0.75) \\","$\gamma_{mlyn}$","Probability of accessing care when symptomatic","0.70 (0.65-0.75)","0.70 (0.65-0.75)"
"$\nicefrac{\gamma_{frag}}{\gamma_{mrag}}$ & Relative probability of of accessing care when symptomatic, female:male & 0.80 (0.71-0.89) & 0.80 (0.70-0.90) \\","$\nicefrac{\gamma_{frag}}{\gamma_{mrag}}$","Relative probability of of accessing care when symptomatic, female:male","0.80 (0.71-0.89)","0.80 (0.70-0.90)"
"$\nicefrac{\gamma_{smag}}{\gamma_{slag}}$ & Relative probability of of accessing care when symptomatic, medium:low risk & 1.05 (1.00-1.10) & 1.05 (1.00-1.10) \\","$\nicefrac{\gamma_{smag}}{\gamma_{slag}}$","Relative probability of of accessing care when symptomatic, medium:low risk","1.05 (1.00-1.10)","1.05 (1.00-1.10)"
"$\nicefrac{\gamma_{shag}}{\gamma_{smag}}$ & Relative probability of of accessing care when symptomatic, high:medium risk & 1.05 (1.00-1.10) & 1.05 (1.00-1.10) \\","$\nicefrac{\gamma_{shag}}{\gamma_{smag}}$","Relative probability of of accessing care when symptomatic, high:medium risk","1.05 (1.00-1.10)","1.05 (1.00-1.10)"
"$\nicefrac{\gamma_{srog}}{\gamma_{sryg}}$ & Relative probability of of accessing care when symptomatic, old:young & 1.05 (1.00-1.10) & 1.05 (1.00-1.10) \\","$\nicefrac{\gamma_{srog}}{\gamma_{sryg}}$","Relative probability of of accessing care when symptomatic, old:young","1.05 (1.00-1.10)","1.05 (1.00-1.10)"
"$\nicefrac{\gamma_{frap}}{\gamma_{fran}}$ & Relative probability of of accessing care when symptomatic, pregnant:non & 1.05 (1.00-1.10) & 1.05 (1.00-1.10) \\","$\nicefrac{\gamma_{frap}}{\gamma_{fran}}$","Relative probability of of accessing care when symptomatic, pregnant:non","1.05 (1.00-1.10)","1.05 (1.00-1.10)"
"$\tau^y_m$ & Rate of receiving treatment among symptomatic who access care & 30.0 (20.5-39.5) & 29.7 (20.6-39.4) \\","$\tau^y_m$","Rate of receiving treatment among symptomatic who access care","30.0 (20.5-39.5)","29.7 (20.6-39.4)"
"$\nicefrac{\tau^y_f}{\tau^y_m}$ & Relative rate of receiving treatment among symptomatic who access care, female:male & 0.75 (0.51-0.99) & 0.75 (0.52-0.98) \\","$\nicefrac{\tau^y_f}{\tau^y_m}$","Relative rate of receiving treatment among symptomatic who access care, female:male","0.75 (0.51-0.99)","0.75 (0.52-0.98)"
"n & Number sex acts per week & 1.50 (1.03-1.97) & 1.53 (1.05-1.97) \\","n","Number sex acts per week","1.50 (1.03-1.97)","1.53 (1.05-1.97)"
"$p_m$ & Probability that symptomatic urogenital infection is caused by NG, male & 0.72 (0.65-0.80) & 0.73 (0.65-0.80) \\","$p_m$","Probability that symptomatic urogenital infection is caused by NG, male","0.72 (0.65-0.80)","0.73 (0.65-0.80)"
"$p_f$ & Probability that symptomatic urogenital infection is caused by NG, female & 0.15 (0.10-0.20) & 0.15 (0.10-0.20) \\","$p_f$","Probability that symptomatic urogenital infection is caused by NG, female","0.15 (0.10-0.20)","0.15 (0.10-0.20)"
"$\zeta_m$ & Sensitivity of syndromic management to correctly identify bacterial infections, male & 0.85 (0.80-0.90) & 0.85 (0.80-0.90) \\","$\zeta_m$","Sensitivity of syndromic management to correctly identify bacterial infections, male","0.85 (0.80-0.90)","0.85 (0.80-0.90)"
"$\zeta_f$ & Sensitivity of syndromic management to correctly identify bacterial infections, female & 0.45 (0.40-0.50) & 0.45 (0.40-0.50) \\","$\zeta_f$","Sensitivity of syndromic management to correctly identify bacterial infections, female","0.45 (0.40-0.50)","0.45 (0.40-0.50)"
"$\kappa_m$ & Probability of transmission per sex act, male & 0.23 (0.15-0.30) & 0.23 (0.15-0.30) \\","$\kappa_m$","Probability of transmission per sex act, male","0.23 (0.15-0.30)","0.23 (0.15-0.30)"
"$\kappa_f$ & Probability of transmission per sex act, female & 0.25 (0.11-0.39) & 0.21 (0.10-0.37) \\","$\kappa_f$","Probability of transmission per sex act, female","0.25 (0.11-0.39)","0.21 (0.10-0.37)"
"$\phi_m$ & Probability of symptomatic infection, male & 0.68 (0.46-0.89) & 0.61 (0.46-0.85) \\","$\phi_m$","Probability of symptomatic infection, male","0.68 (0.46-0.89)","0.61 (0.46-0.85)"
"$\phi_f$ & Probability of symptomatic infection, female & 0.32 (0.21-0.44) & 0.34 (0.22-0.44) \\","$\phi_f$","Probability of symptomatic infection, female","0.32 (0.21-0.44)","0.34 (0.22-0.44)"
"$\pi$ & Rate of natural recovery & 2.30 (1.83-2.77) & 2.32 (1.84-2.76) \\","$\pi$","Rate of natural recovery","2.30 (1.83-2.77)","2.32 (1.84-2.76)"
"$\sigma$ & Rate of recovery after treatment & 39.0 (26.7-51.3) & 38.9 (26.6-51.5) \\","$\sigma$","Rate of recovery after treatment","39.0 (26.7-51.3)","38.9 (26.6-51.5)"
