"","var","AGYW","PREG","FSW","MEN","CFSW","latex"
"1","Population size (millions)","4.85 (4.82 - 4.88)","1.16 (1.13 - 1.19)","0.26 (0.14 - 0.39)","13.1 (13.1 - 13.1)","1.91 (1.35 - 2.58)","1.91 (1.35 - 2.58) & 0.26 (0.14 - 0.39) & 13.1 (13.1 - 13.1) & 1.16 (1.13 - 1.19) & 4.85 (4.82 - 4.88)\"
"2","Prevalence (%)","1.79 (1.10 - 3.32)","1.89 (1.14 - 3.59)","4.74 (2.42 - 6.56)","1.28 (0.74 - 2.34)","3.56 (1.99 - 6.74)","3.56 (1.99 - 6.74) & 4.74 (2.42 - 6.56) & 1.28 (0.74 - 2.34) & 1.89 (1.14 - 3.59) & 1.79 (1.10 - 3.32)\"
"3","Incidence (per 100)","4.77 (2.79 - 8.81)","5.06 (2.82 - 9.48)","12.5 (5.81 - 19.9)","4.69 (2.72 - 8.45)","13.6 (7.04 - 26.5)","13.6 (7.04 - 26.5) & 12.5 (5.81 - 19.9) & 4.69 (2.72 - 8.45) & 5.06 (2.82 - 9.48) & 4.77 (2.79 - 8.81)\"
"4","QALYs lost (per 1000)","1.98 (1.34 - 3.36)","79.9 (46.0 - 141)","21.3 (16.3 - 30.4)","0.21 (0.11 - 0.44)","0.55 (0.37 - 0.90)","0.55 (0.37 - 0.90) & 21.3 (16.3 - 30.4) & 0.21 (0.11 - 0.44) & 79.9 (46.0 - 141) & 1.98 (1.34 - 3.36)\"
"5","Proportion total incident cases (%)","14.5 (12.6 - 16.5)","5.37 (4.57 - 6.41)","2.48 (1.00 - 5.55)","50.0 (45.4 - 55.0)","21.4 (13.7 - 29.3)","21.4 (13.7 - 29.3) & 2.48 (1.00 - 5.55) & 50.0 (45.4 - 55.0) & 5.37 (4.57 - 6.41) & 14.5 (12.6 - 16.5)\"
"6","Proportion total QALYs lost (%)","5.69 (4.53 - 7.20)","80.6 (76.1 - 83.8)","4.42 (1.67 - 10.4)","2.07 (1.31 - 3.58)","0.84 (0.48 - 1.60)","0.84 (0.48 - 1.60) & 4.42 (1.67 - 10.4) & 2.07 (1.31 - 3.58) & 80.6 (76.1 - 83.8) & 5.69 (4.53 - 7.20)\"
"7","Eligible consultations d (millions)","0.19 (0.09 - 0.41)","0.08 (0.04 - 0.16)","0.04 (0.01 - 0.10)","0.31 (0.16 - 0.63)","0.14 (0.06 - 0.29)","0.14 (0.06 - 0.29) & 0.04 (0.01 - 0.10) & 0.31 (0.16 - 0.63) & 0.08 (0.04 - 0.16) & 0.19 (0.09 - 0.41)\"
"8","Eligible consultations tested d (%)","13.1 (5.99 - 28.6)","33.6 (15.8 - 71.4)","66.8 (26.0 - 100)","7.95 (3.91 - 16.2)","18.4 (8.55 - 40.2)","18.4 (8.55 - 40.2) & 66.8 (26.0 - 100) & 7.95 (3.91 - 16.2) & 33.6 (15.8 - 71.4) & 13.1 (5.99 - 28.6)\"
"9","Cases averted relative to baseline d (%)","0.93 (0.43 - 1.99)","1.00 (0.47 - 2.12)","2.07 (0.63 - 5.59)","1.28 (0.46 - 3.03)","2.21 (0.77 - 5.31)","2.21 (0.77 - 5.31) & 2.07 (0.63 - 5.59) & 1.28 (0.46 - 3.03) & 1.00 (0.47 - 2.12) & 0.93 (0.43 - 1.99)\"
"10","QALYs gained relative to baseline d (%)","0.85 (0.39 - 1.82)","3.51 (1.75 - 7.22)","2.17 (0.71 - 5.58)","1.29 (0.47 - 3.05)","2.23 (0.78 - 5.28)","2.23 (0.78 - 5.28) & 2.17 (0.71 - 5.58) & 1.29 (0.47 - 3.05) & 3.51 (1.75 - 7.22) & 0.85 (0.39 - 1.82)\"
"11","Cases averted per 100 tests d","40.6 (26.3 - 64.0)","44.1 (28.1 - 66.2)","94.3 (41.9 - 193)","58.7 (27.1 - 96.3)","99.8 (45.7 - 165)","99.8 (45.7 - 165) & 94.3 (41.9 - 193) & 58.7 (27.1 - 96.3) & 44.1 (28.1 - 66.2) & 40.6 (26.3 - 64.0)\"
"12","QALYs gained per 100 tests d","3.80 (2.54 - 5.82)","16.2 (11.2 - 23.1)","10.1 (5.33 - 20.0)","6.07 (2.90 - 10.1)","10.4 (4.83 - 17.8)","10.4 (4.83 - 17.8) & 10.1 (5.33 - 20.0) & 6.07 (2.90 - 10.1) & 16.2 (11.2 - 23.1) & 3.80 (2.54 - 5.82)\"
"13","Eligible consultations s (millions)","4.52 (4.06 - 4.96)","3.08 (3.01 - 3.15)","0.41 (0.22 - 0.61)","16.68 (16.66 - 16.70)","2.42 (1.71 - 3.27)","2.42 (1.71 - 3.27) & 0.41 (0.22 - 0.61) & 16.68 (16.66 - 16.70) & 3.08 (3.01 - 3.15) & 4.52 (4.06 - 4.96)\"
"14","Eligible consultations tested s (%)","0.52 (0.47 - 0.60)","0.82 (0.80 - 0.85)","5.77 (3.90 - 11.1)","0.14 (0.14 - 0.15)","0.98 (0.71 - 1.41)","0.98 (0.71 - 1.41) & 5.77 (3.90 - 11.1) & 0.14 (0.14 - 0.15) & 0.82 (0.80 - 0.85) & 0.52 (0.47 - 0.60)\"
"15","Cases averted relative to baseline s (%)","0.13 (0.11 - 0.16)","0.08 (0.06 - 0.10)","0.62 (0.20 - 1.52)","0.12 (0.10 - 0.13)","0.58 (0.41 - 0.82)","0.58 (0.41 - 0.82) & 0.62 (0.20 - 1.52) & 0.12 (0.10 - 0.13) & 0.08 (0.06 - 0.10) & 0.13 (0.11 - 0.16)\"
"16","QALYs gained relative to baseline s (%)","0.12 (0.10 - 0.14)","0.30 (0.25 - 0.34)","0.65 (0.24 - 1.50)","0.11 (0.10 - 0.13)","0.58 (0.41 - 0.81)","0.58 (0.41 - 0.81) & 0.65 (0.24 - 1.50) & 0.11 (0.10 - 0.13) & 0.30 (0.25 - 0.34) & 0.12 (0.10 - 0.14)\"
"17","Cases averted per 100 tests s","5.89 (3.56 - 9.87)","3.51 (2.04 - 5.97)","26.9 (9.97 - 59.1)","5.04 (3.15 - 8.16)","25.5 (14.6 - 44.2)","25.5 (14.6 - 44.2) & 26.9 (9.97 - 59.1) & 5.04 (3.15 - 8.16) & 3.51 (2.04 - 5.97) & 5.89 (3.56 - 9.87)\"
"18","QALYs gained per 100 tests s","0.55 (0.34 - 0.92)","1.32 (0.80 - 2.42)","2.89 (1.20 - 6.04)","0.52 (0.31 - 0.87)","2.64 (1.44 - 4.70)","2.64 (1.44 - 4.70) & 2.89 (1.20 - 6.04) & 0.52 (0.31 - 0.87) & 1.32 (0.80 - 2.42) & 0.55 (0.34 - 0.92)\"
